<?xml version='1.0' encoding='utf-8'?>
<!DOCTYPE hibernate-configuration PUBLIC
        "-//Hibernate/Hibernate Configuration DTD//EN"
        "http://www.hibernate.org/dtd/hibernate-configuration-3.0.dtd">


<hibernate-configuration>
    <session-factory>
        <property name="connection.url">jdbc:mysql://localhost:3306/flashcards</property>
        <property name="connection.driver_class">com.mysql.cj.jdbc.Driver</property>

        <property name="connection.username">root</property>
        <property name="connection.password">student</property>
        <!--<property name="connection.password">uBUs4XoxU9UsEw</property>-->

        <property name="hibernate.c3p0.min_size">5</property>
        <property name="hibernate.c3p0.max_size">20</property>
        <property name="hibernate.c3p0.timeout">300</property>
        <property name="hibernate.c3p0.max_statements">50</property>
        <property name="hibernate.c3p0.idle_test_period">3000</property>
        <mapping class="edu.team.entity.Flashcard"/>
        <mapping class="edu.team.entity.FlashcardSet"/>
    </session-factory>
</hibernate-configuration>